Match_No,Team1,Team2,Total_Match_Runs
35,Delhi Capitals,Punjab Kings,529.0
41,Mumbai Indians,Sunrisers Hyderabad,492.0
60,Kolkata Knight Riders,Gujarat Titans,465.0
20,Royal Challengers Bengaluru,Mumbai Indians,462.0
36,Rajasthan Royals,Sunrisers Hyderabad,457.0
11,Royal Challengers Bengaluru,Chennai Super Kings,457.0
47,Lucknow Super Giants,Mumbai Indians,457.0
67,Sunrisers Hyderabad,Royal Challengers Bengaluru,455.0
29,Punjab Kings,Lucknow Super Giants,454.0
43,Rajasthan Royals,Delhi Capitals,451.0
