Player_of_Match,Awards
V Suryavanshi,3
V Kohli,3
Ishan Kishan,3
SV Samson,3
K Rabada,2
Sameer Rizvi,2
MR Marsh,2
SS Iyer,2
KL Rahul,2
JR Hazlewood,2
JO Holder,2
Shubman Gill,2
Rashid Khan,2
Tilak Varma,2
CV Varun,2
Priyansh Arya,2
RD Gaikwad,1
RA Jadeja,1
RD Rickelton,1
RK Singh,1
RM Patidar,1
Abhishek Sharma,1
Ravi Bishnoi,1
SN Thakur,1
SP Narine,1
PJ Cummins,1
T Stubbs,1
TH David,1
VR Iyer,1
PP Hinge,1
N Burger,1
PD Salt,1
Noor Ahmad,1
B Kumar,1
C Connolly,1
D Ferreira,1
E Malinga,1
FH Allen,1
H Klaasen,1
J Overton,1
JA Duffy,1
JC Archer,1
Kuldeep Yadav,1
M Prasidh Krishna,1
M Tiwari,1
MA Starc,1
MD Choudhary,1
MK Pandey,1
Mohammed Shami,1
Mohammed Siraj,1
Arshdeep Singh,1
Nithish Kumar Reddy,1
YBK Jaiswal,1
