Match_ID,Match_No,Date,Venue,Team1,Team2,Toss_Winner,Toss_Decision,Winner,Result,Win_By_Runs,Win_By_Wickets,Player_of_Match,Team1_Score,Team2_Score,Match_Stage,Year,Month,Month_Number,Team1_Runs,Team2_Runs,Total_Match_Runs,Match_Result_Type
1527674,1,2026-03-28,"M Chinnaswamy Stadium, Bengaluru",Sunrisers Hyderabad,Royal Challengers Bengaluru,Royal Challengers Bengaluru,field,Royal Challengers Bengaluru,,0,6,JA Duffy,201/9,203/4,League,2026,Mar,3,201.0,203.0,404.0,Decided
1527675,2,2026-03-29,"Wankhede Stadium, Mumbai",Kolkata Knight Riders,Mumbai Indians,Mumbai Indians,field,Mumbai Indians,,0,6,SN Thakur,220/4,224/4,League,2026,Mar,3,220.0,224.0,444.0,Decided
1527676,3,2026-03-30,"Barsapara Cricket Stadium, Guwahati",Chennai Super Kings,Rajasthan Royals,Rajasthan Royals,field,Rajasthan Royals,,0,8,N Burger,127/10,128/2,League,2026,Mar,3,127.0,128.0,255.0,Decided
1527677,4,2026-03-31,"Maharaja Yadavindra Singh International Cricket Stadium, New Chandigarh",Gujarat Titans,Punjab Kings,Punjab Kings,field,Punjab Kings,,0,3,C Connolly,162/6,165/7,League,2026,Mar,3,162.0,165.0,327.0,Decided
1527678,5,2026-04-01,"Bharat Ratna Shri Atal Bihari Vajpayee Ekana Cricket Stadium, Lucknow",Lucknow Super Giants,Delhi Capitals,Delhi Capitals,field,Delhi Capitals,,0,6,Sameer Rizvi,141/10,145/4,League,2026,Apr,4,141.0,145.0,286.0,Decided
1527679,6,2026-04-02,"Eden Gardens, Kolkata",Sunrisers Hyderabad,Kolkata Knight Riders,Kolkata Knight Riders,field,Sunrisers Hyderabad,,65,0,Nithish Kumar Reddy,226/8,161/10,League,2026,Apr,4,226.0,161.0,387.0,Decided
1527680,7,2026-04-03,"MA Chidambaram Stadium, Chepauk, Chennai",Chennai Super Kings,Punjab Kings,Punjab Kings,field,Punjab Kings,,0,5,Priyansh Arya,209/5,210/5,League,2026,Apr,4,209.0,210.0,419.0,Decided
1527681,8,2026-04-04,"Arun Jaitley Stadium, Delhi",Mumbai Indians,Delhi Capitals,Delhi Capitals,field,Delhi Capitals,,0,6,Sameer Rizvi,162/6,164/4,League,2026,Apr,4,162.0,164.0,326.0,Decided
1527682,9,2026-04-04,"Narendra Modi Stadium, Ahmedabad",Rajasthan Royals,Gujarat Titans,Rajasthan Royals,bat,Rajasthan Royals,,6,0,Ravi Bishnoi,210/6,204/8,League,2026,Apr,4,210.0,204.0,414.0,Decided
1527683,10,2026-04-05,"Rajiv Gandhi International Stadium, Uppal, Hyderabad",Sunrisers Hyderabad,Lucknow Super Giants,Lucknow Super Giants,field,Lucknow Super Giants,,0,5,Mohammed Shami,156/9,160/5,League,2026,Apr,4,156.0,160.0,316.0,Decided
1527684,11,2026-04-05,"M Chinnaswamy Stadium, Bengaluru",Royal Challengers Bengaluru,Chennai Super Kings,Chennai Super Kings,field,Royal Challengers Bengaluru,,43,0,TH David,250/3,207/10,League,2026,Apr,4,250.0,207.0,457.0,Decided
1527685,12,2026-04-06,"Eden Gardens, Kolkata",Kolkata Knight Riders,Punjab Kings,Kolkata Knight Riders,bat,,No Result,0,0,,25/2,,League,2026,Apr,4,25.0,,25.0,No Result
1527686,13,2026-04-07,"Barsapara Cricket Stadium, Guwahati",Rajasthan Royals,Mumbai Indians,Mumbai Indians,field,Rajasthan Royals,,27,0,YBK Jaiswal,150/3,123/9,League,2026,Apr,4,150.0,123.0,273.0,Decided
1527687,14,2026-04-08,"Arun Jaitley Stadium, Delhi",Gujarat Titans,Delhi Capitals,Delhi Capitals,field,Gujarat Titans,,1,0,Rashid Khan,210/4,209/8,League,2026,Apr,4,210.0,209.0,419.0,Decided
1527688,15,2026-04-09,"Eden Gardens, Kolkata",Kolkata Knight Riders,Lucknow Super Giants,Lucknow Super Giants,field,Lucknow Super Giants,,0,3,MD Choudhary,181/4,182/7,League,2026,Apr,4,181.0,182.0,363.0,Decided
1527689,16,2026-04-10,"Barsapara Cricket Stadium, Guwahati",Royal Challengers Bengaluru,Rajasthan Royals,Rajasthan Royals,field,Rajasthan Royals,,0,6,V Suryavanshi,201/8,202/4,League,2026,Apr,4,201.0,202.0,403.0,Decided
1527690,17,2026-04-11,"Maharaja Yadavindra Singh International Cricket Stadium, New Chandigarh",Sunrisers Hyderabad,Punjab Kings,Punjab Kings,field,Punjab Kings,,0,6,SS Iyer,219/6,223/4,League,2026,Apr,4,219.0,223.0,442.0,Decided
1527691,18,2026-04-11,"MA Chidambaram Stadium, Chepauk, Chennai",Chennai Super Kings,Delhi Capitals,Delhi Capitals,field,Chennai Super Kings,,23,0,SV Samson,212/1,189/10,League,2026,Apr,4,212.0,189.0,401.0,Decided
1527692,19,2026-04-12,"Bharat Ratna Shri Atal Bihari Vajpayee Ekana Cricket Stadium, Lucknow",Lucknow Super Giants,Gujarat Titans,Gujarat Titans,field,Gujarat Titans,,0,7,M Prasidh Krishna,164/8,165/3,League,2026,Apr,4,164.0,165.0,329.0,Decided
1527693,20,2026-04-12,"Wankhede Stadium, Mumbai",Royal Challengers Bengaluru,Mumbai Indians,Mumbai Indians,field,Royal Challengers Bengaluru,,18,0,PD Salt,240/4,222/5,League,2026,Apr,4,240.0,222.0,462.0,Decided
1529264,21,2026-04-13,"Rajiv Gandhi International Stadium, Uppal, Hyderabad",Sunrisers Hyderabad,Rajasthan Royals,Rajasthan Royals,field,Sunrisers Hyderabad,,57,0,PP Hinge,216/6,159/10,League,2026,Apr,4,216.0,159.0,375.0,Decided
1529265,22,2026-04-14,"MA Chidambaram Stadium, Chepauk, Chennai",Chennai Super Kings,Kolkata Knight Riders,Kolkata Knight Riders,field,Chennai Super Kings,,32,0,Noor Ahmad,192/5,160/7,League,2026,Apr,4,192.0,160.0,352.0,Decided
1529266,23,2026-04-15,"M Chinnaswamy Stadium, Bengaluru",Lucknow Super Giants,Royal Challengers Bengaluru,Royal Challengers Bengaluru,field,Royal Challengers Bengaluru,,0,5,JR Hazlewood,146/10,149/5,League,2026,Apr,4,146.0,149.0,295.0,Decided
1529267,24,2026-04-16,"Wankhede Stadium, Mumbai",Mumbai Indians,Punjab Kings,Punjab Kings,field,Punjab Kings,,0,7,Arshdeep Singh,195/6,198/3,League,2026,Apr,4,195.0,198.0,393.0,Decided
1529268,25,2026-04-17,"Narendra Modi Stadium, Ahmedabad",Kolkata Knight Riders,Gujarat Titans,Kolkata Knight Riders,bat,Gujarat Titans,,0,5,Shubman Gill,180/10,181/5,League,2026,Apr,4,180.0,181.0,361.0,Decided
1529269,26,2026-04-18,"M Chinnaswamy Stadium, Bengaluru",Royal Challengers Bengaluru,Delhi Capitals,Delhi Capitals,field,Delhi Capitals,,0,6,T Stubbs,175/8,179/4,League,2026,Apr,4,175.0,179.0,354.0,Decided
1529270,27,2026-04-18,"Rajiv Gandhi International Stadium, Uppal, Hyderabad",Sunrisers Hyderabad,Chennai Super Kings,Chennai Super Kings,field,Sunrisers Hyderabad,,10,0,E Malinga,194/9,184/8,League,2026,Apr,4,194.0,184.0,378.0,Decided
1529271,28,2026-04-19,"Eden Gardens, Kolkata",Rajasthan Royals,Kolkata Knight Riders,Rajasthan Royals,bat,Kolkata Knight Riders,,0,4,CV Varun,155/9,161/6,League,2026,Apr,4,155.0,161.0,316.0,Decided
1529272,29,2026-04-19,"Maharaja Yadavindra Singh International Cricket Stadium, New Chandigarh",Punjab Kings,Lucknow Super Giants,Lucknow Super Giants,field,Punjab Kings,,54,0,Priyansh Arya,254/7,200/5,League,2026,Apr,4,254.0,200.0,454.0,Decided
1529273,30,2026-04-20,"Narendra Modi Stadium, Ahmedabad",Mumbai Indians,Gujarat Titans,Gujarat Titans,field,Mumbai Indians,,99,0,Tilak Varma,199/5,100/10,League,2026,Apr,4,199.0,100.0,299.0,Decided
1529274,31,2026-04-21,"Rajiv Gandhi International Stadium, Uppal, Hyderabad",Sunrisers Hyderabad,Delhi Capitals,Delhi Capitals,field,Sunrisers Hyderabad,,47,0,Abhishek Sharma,242/2,195/9,League,2026,Apr,4,242.0,195.0,437.0,Decided
1529275,32,2026-04-22,"Bharat Ratna Shri Atal Bihari Vajpayee Ekana Cricket Stadium, Lucknow",Rajasthan Royals,Lucknow Super Giants,Lucknow Super Giants,field,Rajasthan Royals,,40,0,RA Jadeja,159/6,119/10,League,2026,Apr,4,159.0,119.0,278.0,Decided
1529276,33,2026-04-23,"Wankhede Stadium, Mumbai",Chennai Super Kings,Mumbai Indians,Mumbai Indians,field,Chennai Super Kings,,103,0,SV Samson,207/6,104/10,League,2026,Apr,4,207.0,104.0,311.0,Decided
1529277,34,2026-04-24,"M Chinnaswamy Stadium, Bengaluru",Gujarat Titans,Royal Challengers Bengaluru,Royal Challengers Bengaluru,field,Royal Challengers Bengaluru,,0,5,V Kohli,205/3,206/5,League,2026,Apr,4,205.0,206.0,411.0,Decided
1529278,35,2026-04-25,"Arun Jaitley Stadium, Delhi",Delhi Capitals,Punjab Kings,Delhi Capitals,bat,Punjab Kings,,0,6,KL Rahul,264/2,265/4,League,2026,Apr,4,264.0,265.0,529.0,Decided
1529279,36,2026-04-25,"Sawai Mansingh Stadium, Jaipur",Rajasthan Royals,Sunrisers Hyderabad,Sunrisers Hyderabad,field,Sunrisers Hyderabad,,0,5,Ishan Kishan,228/6,229/5,League,2026,Apr,4,228.0,229.0,457.0,Decided
1529280,37,2026-04-26,"MA Chidambaram Stadium, Chepauk, Chennai",Chennai Super Kings,Gujarat Titans,Gujarat Titans,field,Gujarat Titans,,0,8,K Rabada,158/7,162/2,League,2026,Apr,4,158.0,162.0,320.0,Decided
1529281,38,2026-04-26,"Bharat Ratna Shri Atal Bihari Vajpayee Ekana Cricket Stadium, Lucknow",Kolkata Knight Riders,Lucknow Super Giants,Lucknow Super Giants,field,Kolkata Knight Riders,Tie,0,0,RK Singh,155/7,155/8,League,2026,Apr,4,155.0,155.0,310.0,Tie
1529282,39,2026-04-27,"Arun Jaitley Stadium, Delhi",Delhi Capitals,Royal Challengers Bengaluru,Royal Challengers Bengaluru,field,Royal Challengers Bengaluru,,0,9,JR Hazlewood,75/10,77/1,League,2026,Apr,4,75.0,77.0,152.0,Decided
1529283,40,2026-04-28,"Maharaja Yadavindra Singh International Cricket Stadium, New Chandigarh",Punjab Kings,Rajasthan Royals,Rajasthan Royals,field,Rajasthan Royals,,0,6,D Ferreira,222/4,228/4,League,2026,Apr,4,222.0,228.0,450.0,Decided
1529284,41,2026-04-29,"Wankhede Stadium, Mumbai",Mumbai Indians,Sunrisers Hyderabad,Mumbai Indians,bat,Sunrisers Hyderabad,,0,6,H Klaasen,243/5,249/4,League,2026,Apr,4,243.0,249.0,492.0,Decided
1529285,42,2026-04-30,"Narendra Modi Stadium, Ahmedabad",Royal Challengers Bengaluru,Gujarat Titans,Gujarat Titans,field,Gujarat Titans,,0,4,JO Holder,155/10,158/6,League,2026,Apr,4,155.0,158.0,313.0,Decided
1529286,43,2026-05-01,"Sawai Mansingh Stadium, Jaipur",Rajasthan Royals,Delhi Capitals,Rajasthan Royals,bat,Delhi Capitals,,0,7,KL Rahul,225/6,226/3,League,2026,May,5,225.0,226.0,451.0,Decided
1529287,44,2026-05-02,"MA Chidambaram Stadium, Chepauk, Chennai",Mumbai Indians,Chennai Super Kings,Mumbai Indians,bat,Chennai Super Kings,,0,8,RD Gaikwad,159/7,160/2,League,2026,May,5,159.0,160.0,319.0,Decided
1529288,45,2026-05-03,"Rajiv Gandhi International Stadium, Uppal, Hyderabad",Sunrisers Hyderabad,Kolkata Knight Riders,Sunrisers Hyderabad,bat,Kolkata Knight Riders,,0,7,CV Varun,165/10,169/3,League,2026,May,5,165.0,169.0,334.0,Decided
1529289,46,2026-05-03,"Narendra Modi Stadium, Ahmedabad",Punjab Kings,Gujarat Titans,Gujarat Titans,field,Gujarat Titans,,0,4,JO Holder,163/9,167/6,League,2026,May,5,163.0,167.0,330.0,Decided
1529290,47,2026-05-04,"Wankhede Stadium, Mumbai",Lucknow Super Giants,Mumbai Indians,Mumbai Indians,field,Mumbai Indians,,0,6,RD Rickelton,228/5,229/4,League,2026,May,5,228.0,229.0,457.0,Decided
1529291,48,2026-05-05,"Arun Jaitley Stadium, Delhi",Delhi Capitals,Chennai Super Kings,Delhi Capitals,bat,Chennai Super Kings,,0,8,SV Samson,155/7,159/2,League,2026,May,5,155.0,159.0,314.0,Decided
1529292,49,2026-05-06,"Rajiv Gandhi International Stadium, Uppal, Hyderabad",Sunrisers Hyderabad,Punjab Kings,Punjab Kings,field,Sunrisers Hyderabad,,33,0,PJ Cummins,235/4,202/7,League,2026,May,5,235.0,202.0,437.0,Decided
1529293,50,2026-05-07,"Bharat Ratna Shri Atal Bihari Vajpayee Ekana Cricket Stadium, Lucknow",Lucknow Super Giants,Royal Challengers Bengaluru,Royal Challengers Bengaluru,field,Lucknow Super Giants,,9,0,MR Marsh,209/3,203/6,League,2026,May,5,209.0,203.0,412.0,Decided
1529294,51,2026-05-08,"Arun Jaitley Stadium, Delhi",Delhi Capitals,Kolkata Knight Riders,Kolkata Knight Riders,field,Kolkata Knight Riders,,0,8,FH Allen,142/8,147/2,League,2026,May,5,142.0,147.0,289.0,Decided
1529295,52,2026-05-09,"Sawai Mansingh Stadium, Jaipur",Gujarat Titans,Rajasthan Royals,Rajasthan Royals,field,Gujarat Titans,,77,0,Rashid Khan,229/4,152/10,League,2026,May,5,229.0,152.0,381.0,Decided
1529296,53,2026-05-10,"MA Chidambaram Stadium, Chepauk, Chennai",Lucknow Super Giants,Chennai Super Kings,Chennai Super Kings,field,Chennai Super Kings,,0,5,J Overton,203/8,208/5,League,2026,May,5,203.0,208.0,411.0,Decided
1529297,54,2026-05-10,"Shaheed Veer Narayan Singh International Stadium, Raipur",Mumbai Indians,Royal Challengers Bengaluru,Royal Challengers Bengaluru,field,Royal Challengers Bengaluru,,0,2,B Kumar,166/7,167/8,League,2026,May,5,166.0,167.0,333.0,Decided
1529298,55,2026-05-11,"Himachal Pradesh Cricket Association Stadium, Dharamsala",Punjab Kings,Delhi Capitals,Delhi Capitals,field,Delhi Capitals,,0,3,M Tiwari,210/5,216/7,League,2026,May,5,210.0,216.0,426.0,Decided
1529299,56,2026-05-12,"Narendra Modi Stadium, Ahmedabad",Gujarat Titans,Sunrisers Hyderabad,Sunrisers Hyderabad,field,Gujarat Titans,,82,0,K Rabada,168/5,86/10,League,2026,May,5,168.0,86.0,254.0,Decided
1529300,57,2026-05-13,"Shaheed Veer Narayan Singh International Stadium, Raipur",Kolkata Knight Riders,Royal Challengers Bengaluru,Royal Challengers Bengaluru,field,Royal Challengers Bengaluru,,0,6,V Kohli,192/4,194/4,League,2026,May,5,192.0,194.0,386.0,Decided
1529301,58,2026-05-14,"Himachal Pradesh Cricket Association Stadium, Dharamsala",Punjab Kings,Mumbai Indians,Mumbai Indians,field,Mumbai Indians,,0,6,Tilak Varma,200/8,205/4,League,2026,May,5,200.0,205.0,405.0,Decided
1529302,59,2026-05-15,"Bharat Ratna Shri Atal Bihari Vajpayee Ekana Cricket Stadium, Lucknow",Chennai Super Kings,Lucknow Super Giants,Lucknow Super Giants,field,Lucknow Super Giants,,0,7,MR Marsh,187/5,188/3,League,2026,May,5,187.0,188.0,375.0,Decided
1529303,60,2026-05-16,"Eden Gardens, Kolkata",Kolkata Knight Riders,Gujarat Titans,Gujarat Titans,field,Kolkata Knight Riders,,29,0,SP Narine,247/2,218/4,League,2026,May,5,247.0,218.0,465.0,Decided
1529304,61,2026-05-17,"Himachal Pradesh Cricket Association Stadium, Dharamsala",Royal Challengers Bengaluru,Punjab Kings,Punjab Kings,field,Royal Challengers Bengaluru,,23,0,VR Iyer,222/4,199/8,League,2026,May,5,222.0,199.0,421.0,Decided
1529305,62,2026-05-17,"Arun Jaitley Stadium, Delhi",Rajasthan Royals,Delhi Capitals,Delhi Capitals,field,Delhi Capitals,,0,5,MA Starc,193/8,197/5,League,2026,May,5,193.0,197.0,390.0,Decided
1529306,63,2026-05-18,"MA Chidambaram Stadium, Chepauk, Chennai",Chennai Super Kings,Sunrisers Hyderabad,Chennai Super Kings,bat,Sunrisers Hyderabad,,0,5,Ishan Kishan,180/7,181/5,League,2026,May,5,180.0,181.0,361.0,Decided
1529307,64,2026-05-19,"Sawai Mansingh Stadium, Jaipur",Lucknow Super Giants,Rajasthan Royals,Rajasthan Royals,field,Rajasthan Royals,,0,7,V Suryavanshi,220/5,225/3,League,2026,May,5,220.0,225.0,445.0,Decided
1529308,65,2026-05-20,"Eden Gardens, Kolkata",Mumbai Indians,Kolkata Knight Riders,Kolkata Knight Riders,field,Kolkata Knight Riders,,0,4,MK Pandey,147/8,148/6,League,2026,May,5,147.0,148.0,295.0,Decided
1529309,66,2026-05-21,"Narendra Modi Stadium, Ahmedabad",Gujarat Titans,Chennai Super Kings,Chennai Super Kings,field,Gujarat Titans,,89,0,Mohammed Siraj,229/4,140/10,League,2026,May,5,229.0,140.0,369.0,Decided
1529310,67,2026-05-22,"Rajiv Gandhi International Stadium, Uppal, Hyderabad",Sunrisers Hyderabad,Royal Challengers Bengaluru,Sunrisers Hyderabad,bat,Sunrisers Hyderabad,,55,0,Ishan Kishan,255/4,200/4,League,2026,May,5,255.0,200.0,455.0,Decided
1529311,68,2026-05-23,"Bharat Ratna Shri Atal Bihari Vajpayee Ekana Cricket Stadium, Lucknow",Lucknow Super Giants,Punjab Kings,Punjab Kings,field,Punjab Kings,,0,7,SS Iyer,196/6,200/3,League,2026,May,5,196.0,200.0,396.0,Decided
1529312,69,2026-05-24,"Wankhede Stadium, Mumbai",Rajasthan Royals,Mumbai Indians,Mumbai Indians,field,Rajasthan Royals,,30,0,JC Archer,205/8,175/9,League,2026,May,5,205.0,175.0,380.0,Decided
1529313,70,2026-05-24,"Eden Gardens, Kolkata",Delhi Capitals,Kolkata Knight Riders,Kolkata Knight Riders,field,Delhi Capitals,,40,0,Kuldeep Yadav,203/5,163/10,League,2026,May,5,203.0,163.0,366.0,Decided
1535462,71,2026-05-26,"Himachal Pradesh Cricket Association Stadium, Dharamsala",Royal Challengers Bengaluru,Gujarat Titans,Gujarat Titans,field,Royal Challengers Bengaluru,,92,0,RM Patidar,254/5,162/10,Qualifier 1,2026,May,5,254.0,162.0,416.0,Decided
1535463,72,2026-05-27,"Maharaja Yadavindra Singh International Cricket Stadium, New Chandigarh",Rajasthan Royals,Sunrisers Hyderabad,Sunrisers Hyderabad,field,Rajasthan Royals,,47,0,V Suryavanshi,243/8,196/10,Eliminator,2026,May,5,243.0,196.0,439.0,Decided
1535464,73,2026-05-29,"Maharaja Yadavindra Singh International Cricket Stadium, New Chandigarh",Rajasthan Royals,Gujarat Titans,Rajasthan Royals,bat,Gujarat Titans,,0,7,Shubman Gill,214/6,219/3,Qualifier 2,2026,May,5,214.0,219.0,433.0,Decided
1535465,74,2026-05-31,"Narendra Modi Stadium, Ahmedabad",Gujarat Titans,Royal Challengers Bengaluru,Royal Challengers Bengaluru,field,Royal Challengers Bengaluru,,0,5,V Kohli,155/8,161/5,Final,2026,May,5,155.0,161.0,316.0,Decided
