Venue,Matches,Average_Runs,Total_Runs
"Narendra Modi Stadium, Ahmedabad",8,332.0,2656.0
"Arun Jaitley Stadium, Delhi",7,345.57142857142856,2419.0
"Bharat Ratna Shri Atal Bihari Vajpayee Ekana Cricket Stadium, Lucknow",7,340.85714285714283,2386.0
"Eden Gardens, Kolkata",7,316.7142857142857,2217.0
"MA Chidambaram Stadium, Chepauk, Chennai",7,369.0,2583.0
"Rajiv Gandhi International Stadium, Uppal, Hyderabad",7,390.2857142857143,2732.0
"Wankhede Stadium, Mumbai",7,419.85714285714283,2939.0
"Maharaja Yadavindra Singh International Cricket Stadium, New Chandigarh",6,424.1666666666667,2545.0
"M Chinnaswamy Stadium, Bengaluru",5,384.2,1921.0
"Himachal Pradesh Cricket Association Stadium, Dharamsala",4,417.0,1668.0
"Sawai Mansingh Stadium, Jaipur",4,433.5,1734.0
"Barsapara Cricket Stadium, Guwahati",3,310.3333333333333,931.0
"Shaheed Veer Narayan Singh International Stadium, Raipur",2,359.5,719.0
